<BackupInst xmlns="http://www.microsoft.com/GroupPolicy/GPOOperations/Manifest"><GPOGuid><![CDATA[{D13C68D9-5647-4787-9696-785C9728B855}]]></GPOGuid><GPODomain><![CDATA[IURD.local]]></GPODomain><GPODomainGuid><![CDATA[{0cd22f62-90f9-4b98-bbe1-9dffeeff079b}]]></GPODomainGuid><GPODomainController><![CDATA[AD01.IURD.local]]></GPODomainController><BackupTime><![CDATA[2023-10-18T02:27:37]]></BackupTime><ID><![CDATA[{5C81F93F-9730-4B5D-B8AD-8FB7A942C987}]]></ID><Comment><![CDATA[Win2019]]></Comment><GPODisplayName><![CDATA[CIS_Win2019_v.2.0.0_MEMBER_(L1)]]></GPODisplayName></BackupInst>
