Machine Name,Policy Target,Subcategory,Subcategory GUID,Inclusion Setting,Exclusion Setting,Setting Value
,System,Audit Credential Validation,{0cce923f-69ae-11d9-bed3-505054503030},Success and Failure,,3
,System,Audit Application Group Management,{0cce9239-69ae-11d9-bed3-505054503030},Success and Failure,,3
,System,Audit Security Group Management,{0cce9237-69ae-11d9-bed3-505054503030},Success,,1
,System,Audit User Account Management,{0cce9235-69ae-11d9-bed3-505054503030},Success and Failure,,3
,System,Audit PNP Activity,{0cce9248-69ae-11d9-bed3-505054503030},Success,,1
,System,Audit Process Creation,{0cce922b-69ae-11d9-bed3-505054503030},Success,,1
,System,Audit Account Lockout,{0cce9217-69ae-11d9-bed3-505054503030},Failure,,2
,System,Audit Logoff,{0cce9216-69ae-11d9-bed3-505054503030},Success,,1
,System,Audit Logon,{0cce9215-69ae-11d9-bed3-505054503030},Success and Failure,,3
,System,Audit Other Logon/Logoff Events,{0cce921c-69ae-11d9-bed3-505054503030},Success and Failure,,3
,System,Audit Special Logon,{0cce921b-69ae-11d9-bed3-505054503030},Success,,1
,System,Audit Detailed File Share,{0cce9244-69ae-11d9-bed3-505054503030},Failure,,2
,System,Audit File Share,{0cce9224-69ae-11d9-bed3-505054503030},Success and Failure,,3
,System,Audit Other Object Access Events,{0cce9227-69ae-11d9-bed3-505054503030},Success and Failure,,3
,System,Audit Removable Storage,{0cce9245-69ae-11d9-bed3-505054503030},Success and Failure,,3
,System,Audit Audit Policy Change,{0cce922f-69ae-11d9-bed3-505054503030},Success,,1
,System,Audit Authentication Policy Change,{0cce9230-69ae-11d9-bed3-505054503030},Success,,1
,System,Audit Authorization Policy Change,{0cce9231-69ae-11d9-bed3-505054503030},Success,,1
,System,Audit MPSSVC Rule-Level Policy Change,{0cce9232-69ae-11d9-bed3-505054503030},Success and Failure,,3
,System,Audit Other Policy Change Events,{0cce9234-69ae-11d9-bed3-505054503030},Failure,,2
,System,Audit Sensitive Privilege Use,{0cce9228-69ae-11d9-bed3-505054503030},Success and Failure,,3
,System,Audit IPsec Driver,{0cce9213-69ae-11d9-bed3-505054503030},Success and Failure,,3
,System,Audit Other System Events,{0cce9214-69ae-11d9-bed3-505054503030},Success and Failure,,3
,System,Audit Security State Change,{0cce9210-69ae-11d9-bed3-505054503030},Success,,1
,System,Audit Security System Extension,{0cce9211-69ae-11d9-bed3-505054503030},Success,,1
,System,Audit System Integrity,{0cce9212-69ae-11d9-bed3-505054503030},Success and Failure,,3
