<BackupInst xmlns="http://www.microsoft.com/GroupPolicy/GPOOperations/Manifest"><GPOGuid><![CDATA[{C67E3583-1F15-4FB7-88DB-E9AB7FCAC9DF}]]></GPOGuid><GPODomain><![CDATA[IURD.local]]></GPODomain><GPODomainGuid><![CDATA[{0cd22f62-90f9-4b98-bbe1-9dffeeff079b}]]></GPODomainGuid><GPODomainController><![CDATA[AD01.IURD.local]]></GPODomainController><BackupTime><![CDATA[2023-09-13T17:42:18]]></BackupTime><ID><![CDATA[{C258F49A-A1A0-4833-8A13-B721625D5531}]]></ID><Comment><![CDATA[CIS_Win10_Enterprise_v2.0.0_(L1)]]></Comment><GPODisplayName><![CDATA[CIS_Win10_Enterprise_v2.0.0_(L1)]]></GPODisplayName></BackupInst>
