<BackupInst xmlns="http://www.microsoft.com/GroupPolicy/GPOOperations/Manifest"><GPOGuid><![CDATA[{7A2EE67B-99D7-42CA-BD69-6A5D797B38BE}]]></GPOGuid><GPODomain><![CDATA[IURD.local]]></GPODomain><GPODomainGuid><![CDATA[{0cd22f62-90f9-4b98-bbe1-9dffeeff079b}]]></GPODomainGuid><GPODomainController><![CDATA[AD01.IURD.local]]></GPODomainController><BackupTime><![CDATA[2023-10-20T22:41:00]]></BackupTime><ID><![CDATA[{97E98BD0-8BB0-45AF-AEB9-FA270731EC22}]]></ID><Comment><![CDATA[]]></Comment><GPODisplayName><![CDATA[CIS_Win2016_MEMBER]]></GPODisplayName></BackupInst>
