<Backups xmlns="http://www.microsoft.com/GroupPolicy/GPOOperations/Manifest" xmlns:mfst="http://www.microsoft.com/GroupPolicy/GPOOperations/Manifest" mfst:version="1.0"><BackupInst><GPOGuid><![CDATA[{C67E3583-1F15-4FB7-88DB-E9AB7FCAC9DF}]]></GPOGuid><GPODomain><![CDATA[IURD.local]]></GPODomain><GPODomainGuid><![CDATA[{0cd22f62-90f9-4b98-bbe1-9dffeeff079b}]]></GPODomainGuid><GPODomainController><![CDATA[AD01.IURD.local]]></GPODomainController><BackupTime><![CDATA[2023-08-29T18:27:20]]></BackupTime><ID><![CDATA[{40B5B8E4-E835-441D-B673-A78198B73120}]]></ID><Comment><![CDATA[GPO CIS_Win10_Enterprise_v2.0.0_L1]]></Comment><GPODisplayName><![CDATA[CIS_Win10_Enterprise_v2.0.0_(L1)]]></GPODisplayName></BackupInst></Backups>