<BackupInst xmlns="http://www.microsoft.com/GroupPolicy/GPOOperations/Manifest"><GPOGuid><![CDATA[{0E197849-E9C5-4F68-B8A7-67AEE6BC17F3}]]></GPOGuid><GPODomain><![CDATA[IURD.local]]></GPODomain><GPODomainGuid><![CDATA[{0cd22f62-90f9-4b98-bbe1-9dffeeff079b}]]></GPODomainGuid><GPODomainController><![CDATA[AD01.IURD.local]]></GPODomainController><BackupTime><![CDATA[2023-10-17T02:12:36]]></BackupTime><ID><![CDATA[{AE15376E-E50A-432A-BF68-9E47EB0BE65F}]]></ID><Comment><![CDATA[]]></Comment><GPODisplayName><![CDATA[CIS_Win2012R2_v.2.6.0_(L1)]]></GPODisplayName></BackupInst>
