<BackupInst xmlns="http://www.microsoft.com/GroupPolicy/GPOOperations/Manifest"><GPOGuid><![CDATA[{9EDA69CE-F0D0-46E1-B84E-6618B3428F75}]]></GPOGuid><GPODomain><![CDATA[IURD.local]]></GPODomain><GPODomainGuid><![CDATA[{0cd22f62-90f9-4b98-bbe1-9dffeeff079b}]]></GPODomainGuid><GPODomainController><![CDATA[AD01.IURD.local]]></GPODomainController><BackupTime><![CDATA[2023-10-17T02:14:07]]></BackupTime><ID><![CDATA[{5F79DB62-586B-483D-853D-D1C81B81CD6F}]]></ID><Comment><![CDATA[]]></Comment><GPODisplayName><![CDATA[CIS_Win2012R2_v.2.6.0_MEMBER_(L1)]]></GPODisplayName></BackupInst>
